<?xml version="1.0" encoding="ISO-8859-1" ?>
<!DOCTYPE struts-config PUBLIC
          "-//Apache Software Foundation//DTD Struts Configuration 1.2//EN"
          "http://jakarta.apache.org/struts/dtds/struts-config_1_2.dtd">
<struts-config>
    <display-name><![CDATA[
    Mailreader 
      ]]>
    </display-name>
    <description><![CDATA[
         Struts Mailreader Application for Commons Chain
     Create and maintina user registrations and subscriptions.
  ]]>
    </description>
    
    <form-beans/>

    <global-exceptions/>

    <global-forwards/>

    <action-mappings>
        <action path="/RegisterForm" forward="/missing.jsp" />
        <action path="/RegisterAdd" forward="/missing.jsp" />
        <action path="/Tour" forward="/missing.jsp" />
    </action-mappings>

    <controller pagePattern="$M$P" inputForward="true" />

  <message-resources
    parameter="resources.MessageResources"/>

  <message-resources
    parameter="resources.AlternateMessageResources"
    key="alternate"/>


  <plug-in className="org.apache.struts.plugins.ModuleConfigVerifier"/>

  <plug-in className="org.apache.struts.webapp.example.memory.MemoryDatabasePlugIn">
    <set-property property="pathname" value="/WEB-INF/database.xml"/>
  </plug-in>

  <plug-in className="org.apache.struts.validator.ValidatorPlugIn">
    <set-property property="pathnames"
                     value="/WEB-INF/struts-config/validator-rules.xml,
                            /WEB-INF/struts-config/default-validation.xml,
                            /WEB-INF/struts-config/logon-validation.xml"/>
  </plug-in>

  <plug-in className="org.apache.struts.plugins.DigestingPlugIn">
    <set-property property="key" value="serverTypes"/>
    <set-property property="configPath" value="/WEB-INF/server-types.xml"/>
    <set-property property="digesterPath" value="/WEB-INF/lvb-digester-rules.xml"/>
  </plug-in>

</struts-config>
