<?xml version="1.0" encoding="ISO-8859-1" ?>
<!DOCTYPE struts-config PUBLIC
          "-//Apache Software Foundation//DTD Struts Configuration 1.2//EN"
          "http://jakarta.apache.org/struts/dtds/struts-config_1_2.dtd">
<struts-config>
    <display-name><![CDATA[
         logon
      ]]>
    </display-name>
    <description><![CDATA[
     Log client in and out of application.
  ]]>
    </description>

    <form-beans>

        <form-bean
            name="LogonUser"
            type="org.apache.struts.validator.DynaValidatorForm">
           <form-property name="username" type="java.lang.String"/>
           <form-property name="password" type="java.lang.String"/>
         </form-bean>

     </form-beans>

    <global-exceptions/>

    <global-forwards/>

    <action-mappings>

        <action path="/LogonForm"
            name="LogonUser"
            validate="false"
            scope="request"
            forward="/logon.jsp" />

        <action path="/LogonUser"
            name="LogonUser"
            validate="true"
            scope="request"
            input="input"
            type="org.apache.commons.chain.mailreader.struts.LogonAction">
            <forward name="input" path="/LogonForm.do" />
            <forward name="success" path="/Menu.do" />
        </action>

        <action path="/Logoff" forward="/missing.jsp" />

    </action-mappings>

</struts-config>
