<?xml version="1.0" encoding="iso-8859-1"?>
<project>
  <id>mailreader</id>
  <name>Struts MailReader for Commons Chain</name>
  <package>org.apache.*</package>
  <description>A new implementation of the classic Struts MailReader example using Commons Chain as a business facade.</description>
  <shortDescription>Struts MailReader Example for Commons Chain</shortDescription>
  <version>1.0.0</version>
  <inceptionYear>2004</inceptionYear>

  <developers>
    <developer>
      <name>Ted Husted</name>
      <id>husted</id>
      <email>husted@apache.org</email>
      <organization></organization>
    </developer>
  </developers>

  <dependencies>

      <dependency>
        <groupId>servletapi</groupId>
        <artifactId>servletapi</artifactId>
        <version>2.3</version>
      </dependency>

    <!-- include in WAR -->

      <dependency>
        <groupId>commons-beanutils</groupId>
        <artifactId>commons-beanutils</artifactId>
        <version>1.6</version>
      </dependency>

    <dependency>
      <groupId>commons-collections</groupId>
      <artifactId>commons-collections</artifactId>
      <version>2.1</version>
    </dependency>

    <dependency>
      <groupId>commons-digester</groupId>
      <artifactId>commons-digester</artifactId>
      <version>1.5</version>
      <url>http://jakarta.apache.org/commons/digester.html</url>
      <properties>
        <war.bundle>true</war.bundle>
      </properties>
    </dependency>

    <dependency>
      <groupId>commons-logging</groupId>
      <artifactId>commons-logging</artifactId>
      <version>1.0.3</version>
    </dependency>

    <dependency>
      <groupId>struts</groupId>
      <artifactId>struts</artifactId>
      <version>1.2.0</version>
      <properties>
        <war.bundle>true</war.bundle>
      </properties>
    </dependency>

    <dependency>
      <groupId>commons-chain</groupId>
      <artifactId>commons-chain</artifactId>
      <version>0.2-dev</version>
      <properties>
        <war.bundle>true</war.bundle>
      </properties>
    </dependency>

      <dependency>
        <groupId>junit</groupId>
        <artifactId>junit</artifactId>
        <version>3.8.1</version>
      </dependency>
   </dependencies>

    <resources>
        <resource directory="resources/message" targetPath="resources"/>
        <resource directory="resources/chain" targetPath="resources" />
    </resources>

    <build>

       <sourceDirectory>src/java</sourceDirectory>

       <unitTestSourceDirectory>src/test</unitTestSourceDirectory>

       <aspectSourceDirectory/>

       <unitTest>
         <includes>
           <include>**/*Test.java</include>
         </includes>
       </unitTest>

       <resources>
         <resource>
           <directory>${basedir}/src/resources/message</directory>
           <targetPath>resources</targetPath>
           <includes>
             <include>*.properties</include>
           </includes>
         </resource>
           <resource>
             <directory>${basedir}/src/resources/chain</directory>
             <targetPath>resources</targetPath>
             <includes>
               <include>*.xml</include>
             </includes>
           </resource>
       </resources>

    </build>

</project>
