<?xml version="1.0"?>
<!DOCTYPE project SYSTEM "WebTest.dtd" [
    <!ENTITY config     SYSTEM "entities/config-debug.xml">
    <!ENTITY taskdef-webtest SYSTEM "entities/taskdef-webtest.xml">
]>
<project name="MailReader Storyboard - Canoo WebTests" basedir="." default="default">
    <!--
     To run this test, first install the Canoo Webtest package on your local system ().

     The default location is under "/opt/Canoo/build_379". See the webtest.properties.sample to use another location. 

     Once Canoo is installed, the webtest.xml file can be run as an Ant build file.

     The tests are written for a container running at port 8080 using the Struts "/target" directory as the 
     web root. 

     Use the standard Struts "build.webapps" target to create the example application. Start your web container. 
     Then use Ant to run the webtest.xml.
     
     @version $Revision: 1.1 $ $Date: 2004/03/25 12:36:49 $
     */
    -->
    
    <!-- Load local preferences, if any -->
    <property file="webtest.properties"/>
  
    <property name="webtest.home"
        location="/opt/Canoo/build_379" />

    <!-- Load application resources -->
    <property file="../../java/org/apache/common/chain/MessageResources.properties"/>

    <taskdef file="${webtest.home}/webtestTaskdefs.properties">
       <classpath>
          <fileset dir="${webtest.home}" includes="**/lib/*.jar"/>
       </classpath>
    </taskdef>

    <target name="default" depends="welcome,locale,logon" />

    <target name="welcome"
        description="Welcome page">

        <testSpec name="Open welcome action">
        &config;
           <steps>
               <invoke
                  stepid="Open welcome action"
                  url="/default.do" />
               <verifytitle
                   stepid="Welcome page title"
                   text="${welcome.title}" />
               <clicklink label="${welcome.registration}" />
               <verifytitle
                   stepid="Registration page title"
                   text="${registration.title.create}" />
               <clicklink label="${welcome.title}" />
               <clicklink label="${welcome.logon}" />
               <verifytitle
                   stepid="Logon page title"
                   text="${logon.title}" />
               <clicklink label="${index.title}" />
            </steps>
        </testSpec>
        </target>
        
        <target name="locale">
        <!-- TODO: -->
        </target>

        <target name="logon"
            description="Logon page">

            <testSpec name="Open logon action">
            &config;
               <steps>
                   <invoke
                      stepid="Pass logon"
                      url="/logon.do" />
                   <verifytitle
                       stepid="Logon page title"
                       text="${logon.title}" />
                   <setinputfield
                     stepid="username"
                     name="username"
                     value="user" />
                  <setinputfield
                    stepid="password"
                    name="password"
                    value="pass" />
                   <clickbutton
                       stepid="Submit"
                       name="Submit">
                       <form name="logonForm" />
                   </clickbutton>
                </steps>
            </testSpec>

            <testSpec name="Fail logon">
            &config;
               <steps>
                   <invoke
                      stepid="Open logon action"
                      url="/logon.do" />
                   <verifytitle
                       stepid="Logon page title"
                       text="${logon.title}" />
                   <setinputfield
                     stepid="username"
                     name="username"
                     value="xxxx" />
                  <setinputfield
                    stepid="password"
                    name="password"
                    value="xxxx" />
                   <clickbutton
                       stepid="Submit"
                       name="Submit">
                       <form name="logonForm" />
                   </clickbutton>
                   <verifytitle
                       stepid="Logon page title"
                       text="${logon.title}" />
                </steps>
            </testSpec>
    </target>

</project>
