<?xml version="1.0" encoding="iso-8859-1"?>
<project>
  <id>agility</id>
  <name>Agility Controller for Commons Chain</name>
  <package>org.apache.*</package>
  <description>An implementation of the classic Controller pattern implemented with Commons Chain.</description>
  <shortDescription>Agility Controller for Commons Chain</shortDescription>
  <version>1.0.0</version>
  <inceptionYear>2004</inceptionYear>

  <developers>
    <developer>
      <name>Ted Husted</name>
      <id>husted</id>
      <email>husted@apache.org</email>
      <organization></organization>
    </developer>
  </developers>

  <dependencies>

      <dependency>
        <groupId>servletapi</groupId>
        <artifactId>servletapi</artifactId>
        <version>2.3</version>
      </dependency>

    <!-- include in WAR -->

    <dependency>
      <groupId>commons-chain</groupId>
      <artifactId>commons-chain</artifactId>
      <version>0.2-dev</version>
      <properties>
        <war.bundle>true</war.bundle>
      </properties>
    </dependency>

      <dependency>
        <groupId>junit</groupId>
        <artifactId>junit</artifactId>
        <version>3.8.1</version>
      </dependency>
   </dependencies>

    <resources>
        <resource directory="resources/chain" targetPath="resources" />
    </resources>

    <build>

       <sourceDirectory>src/java</sourceDirectory>

       <unitTestSourceDirectory>src/test</unitTestSourceDirectory>

       <aspectSourceDirectory/>

       <unitTest>
         <includes>
           <include>**/*Test.java</include>
         </includes>
       </unitTest>

       <resources>
           <resource>
             <directory>${basedir}/src/resources/chain</directory>
             <targetPath>resources</targetPath>
             <includes>
               <include>*.xml</include>
             </includes>
           </resource>
       </resources>

    </build>

</project>
